BowlerName,RightHandedBat,Nationality,TeamCode,TeamName,Matches,CompetitionID,Innings,TeamID,BowlerID,LegalBallsBowled,TotalRunsConceded,DotBallsBowled,DotBallPercent,ScoringBallsBowled,BowlingAverage,StrikeRate,BowlingSR,BoundaryPercentage,BoundaryFrequency,EconomyRate,OversBowled,Ones,Twos,Threes,Fours,Sixes,Wides,NoBalls,Byes,LegBye,Wickets,InningsRuns,InningsWickets,MatchRuns,MatchWickets,BBIW,BBMW,Maidens,MaidenWickets,FourWickets,FiveWickets,TenWickets,ClientPlayerID,Credit
Prasidh Krishna,True,Indian,GT,Gujarat Titans,11,203,11,35,2019-100mb00000000150-3a51ee2844a911,258,329,112,43.41,153,16.45,12.9,12.9,62.0,5.73,7.65,43.0,86,14,1,33,12,7,0,0,6,20,41,4,41,4,41/4,41/4,0,0,1,0,0,5105,9.0
Noor Ahmad,True,Overseas,CSK,Chennai Super Kings,12,203,12,13,2022-100mb00000000975-56f6385ba44611,258,345,91,35.27,177,17.25,12.9,12.9,56.23,6.29,8.02,43.0,115,15,0,26,15,8,2,4,3,20,18,4,18,4,18/4,18/4,0,0,2,0,0,20590,8.0
Josh Hazlewood,False,Overseas,RCB,Royal Challengers Bengaluru,10,203,10,19,2018-100mb00000000036-2af54408f88a11,221,311,103,46.6,122,17.27,12.27,12.27,74.59,4.42,8.44,36.5,61,7,0,34,16,4,0,0,2,18,33,4,33,4,33/4,33/4,0,0,1,0,0,857,8.0
Trent Boult,True,Overseas,MI,Mumbai Indians,12,203,12,17,2019-100mb00000000066-573f78a31e3711,253,358,97,38.33,165,19.88,14.05,14.05,62.01,5.27,8.49,42.1,91,18,0,33,15,9,0,0,2,18,26,4,26,4,26/4,26/4,0,0,1,0,0,969,8.0
Varun Chakaravarthy,True,Indian,KKR,Kolkata Knight Riders,12,203,12,16,2019-100mb00000000140-a41b85f2449d11,282,329,115,40.78,172,19.35,16.58,16.58,55.31,7.05,7.0,47.0,110,18,0,29,11,5,0,6,1,17,22,3,22,3,22/3,22/3,0,0,0,0,0,5432,8.0
Arshdeep Singh,False,Indian,PBKS,Punjab Kings,11,203,10,15,2019-100mb00000000125-2485f88b449911,218,291,96,44.03,134,18.18,13.62,13.62,63.91,5.06,8.0,36.2,67,11,1,36,7,12,0,0,5,16,16,3,16,3,16/3,16/3,1,1,0,0,0,4698,8.0
Vaibhav Arora,True,Indian,KKR,Kolkata Knight Riders,11,203,11,16,2021-100mb00000000583-8f4c0c4491dd11,231,391,84,36.36,160,24.43,14.43,14.43,70.58,3.85,10.15,38.3,73,13,1,42,18,13,0,0,0,16,29,3,29,3,29/3,29/3,1,1,0,0,0,14859,8.0
Mohammed Siraj,True,Indian,GT,Gujarat Titans,11,203,11,35,2019-100mb00000000063-d9aa7a01187311,246,369,114,46.34,151,24.6,16.4,16.4,72.62,4.16,9.0,41.0,65,10,0,43,16,19,0,0,13,15,17,4,17,4,17/4,17/4,0,0,1,0,0,3840,8.5
Harshit Rana,True,Indian,KKR,Kolkata Knight Riders,12,203,12,16,2022-100mb00000001013-30676520bcc011,246,408,100,40.65,158,27.2,16.4,16.4,73.03,3.84,9.95,41.0,70,14,0,43,21,10,2,1,3,15,25,3,25,3,25/3,25/3,0,0,0,0,0,20626,8.0
Sai Kishore,False,Indian,GT,Gujarat Titans,11,203,11,35,2020-100mb00000000544-980117aa639c11,177,247,55,31.07,129,17.64,12.64,12.64,53.44,6.8,8.37,29.3,85,10,1,12,14,7,0,0,2,14,30,3,30,3,30/3,30/3,0,0,0,0,0,7123,8.0
Krunal Pandya,False,Indian,RCB,Royal Challengers Bengaluru,11,203,11,19,2018-100mb00000000017-5e389774e99c11,210,300,60,28.57,156,21.42,15.0,15.0,55.33,6.0,8.57,35.0,104,11,0,22,13,6,0,0,1,14,45,4,45,4,45/4,45/4,0,0,1,0,0,3183,8.0
Harshal Patel,True,Indian,SRH,Sunrisers Hyderabad,10,203,10,20,2019-100mb00000000114-8c98068c449611,204,321,61,29.9,158,22.92,14.57,14.57,59.81,4.85,9.44,34.0,92,11,0,30,12,14,1,2,2,14,28,4,28,4,28/4,28/4,0,0,2,0,0,157,8.0
Khaleel Ahmed,True,Indian,CSK,Chennai Super Kings,12,203,12,13,2018-100mb00000000008-787fc4ece99b11,244,395,119,48.77,134,28.21,17.42,17.42,78.98,3.69,9.71,40.4,46,14,0,42,24,6,3,1,5,14,29,3,29,3,29/3,29/3,0,0,0,0,0,2964,8.0
Yuzvendra Chahal,True,Indian,PBKS,Punjab Kings,11,203,10,15,2018-100mb00000000010-b76159ade99b11,198,324,55,27.77,150,23.14,14.14,14.14,61.11,4.95,9.81,33.0,93,9,1,21,19,7,0,0,1,14,28,4,28,4,28/4,28/4,0,0,2,0,0,111,8.0
Mitchell Starc,False,Overseas,DC,Delhi Capitals,11,203,10,14,2018-100mb00000000031-b334eaf6f08611,216,366,85,39.35,142,26.14,15.42,15.42,75.4,3.48,10.16,36.0,67,10,0,48,14,8,3,0,13,14,35,5,35,5,35/5,35/5,0,0,0,1,0,490,9.0
Jasprit Bumrah,True,Indian,MI,Mumbai Indians,8,203,8,17,2018-100mb00000000009-92bfdfe9e99b11,192,214,84,43.75,112,16.46,14.76,14.76,56.07,7.38,6.68,32.0,72,11,0,18,8,4,0,0,4,13,22,4,22,4,22/4,22/4,0,0,1,0,0,1124,8.0
Pat Cummins,True,Overseas,SRH,Sunrisers Hyderabad,11,203,11,20,2018-100mb00000000033-d93110bbf88911,238,363,92,38.65,156,27.92,18.3,18.3,66.11,4.66,9.15,39.4,80,15,1,33,18,9,1,0,4,13,19,3,19,3,19/3,19/3,0,0,0,0,0,488,8.0
Hardik Pandya,True,Indian,MI,Mumbai Indians,11,203,11,17,2018-100mb00000000054-e3ebefa2050a11,168,257,59,35.11,127,19.76,12.92,12.92,59.92,5.25,9.17,28.0,69,8,0,19,13,15,3,1,2,13,36,5,36,5,36/5,36/5,0,0,0,1,0,2740,8.0
Kuldeep Yadav,False,Indian,DC,Delhi Capitals,11,203,10,14,2018-100mb00000000014-227bc550e99c11,234,263,87,37.17,149,21.91,19.5,19.5,47.14,8.66,6.74,39.0,103,17,0,19,8,2,0,0,1,12,22,3,22,3,22/3,22/3,0,0,0,0,0,261,8.0
Digvesh Singh,True,Indian,LSG,Lucknow Super Giants,11,203,11,77,2024-100mb00000003565-6cf0c233abda11,264,356,85,32.19,186,29.66,22.0,22.0,56.17,6.0,8.09,44.0,124,13,1,32,12,6,1,1,5,12,30,2,30,2,30/2,30/2,0,0,0,0,0,5847,8.0
Bhuvneshwar Kumar,True,Indian,RCB,Royal Challengers Bengaluru,10,203,10,19,2018-100mb00000000015-3501d442e99c11,228,339,92,40.35,141,28.25,19.0,19.0,70.2,4.47,8.92,38.0,74,11,0,34,17,5,0,0,4,12,33,3,33,3,33/3,33/3,0,0,0,0,0,116,8.0
Matheesha Pathirana,True,Overseas,CSK,Chennai Super Kings,10,203,10,13,2022-100mb00000001014-1f0cfb3dc17911,220,373,70,31.81,180,31.08,18.33,18.33,57.9,5.11,10.17,36.4,92,14,1,21,22,29,1,1,5,12,36,3,36,3,36/3,36/3,0,0,0,0,0,20627,8.0
Shardul Thakur,True,Indian,LSG,Lucknow Super Giants,9,203,9,77,2019-100mb00000000105-4c526de743fe11,180,336,58,32.22,144,28.0,15.0,15.0,69.64,3.6,11.2,30.0,66,7,0,33,17,21,1,0,1,12,34,4,34,4,34/4,34/4,0,0,1,0,0,1745,8.0
Marco Jansen,True,Overseas,PBKS,Punjab Kings,11,203,11,15,2021-100mb00000000586-8238f85f91de11,217,318,89,41.01,137,28.9,19.72,19.72,66.03,4.82,8.79,36.1,67,16,0,30,15,8,1,0,11,11,17,3,17,3,17/3,17/3,0,0,0,0,0,17068,8.0
Jofra Archer,True,Overseas,RR,Rajasthan Royals,12,203,12,18,2019-100mb00000000181-80151ce844b611,273,431,110,40.29,181,39.18,24.81,24.81,70.53,4.07,9.47,45.3,84,13,2,49,18,17,2,10,4,11,25,3,25,3,25/3,25/3,1,1,0,0,0,3502,8.0
Maheesh Theekshana,True,Overseas,RR,Rajasthan Royals,11,203,11,18,2021-100mb00000000629-11c540100bd311,252,410,72,28.57,199,37.27,22.9,22.9,58.53,4.75,9.76,42.0,109,18,1,39,14,17,2,0,2,11,26,2,26,2,26/2,26/2,0,0,0,0,0,20570,8.0
Sunil Narine,False,Overseas,KKR,Kolkata Knight Riders,11,203,11,16,2019-100mb00000000156-a6b6f42c44aa11,246,309,81,32.92,170,30.9,24.6,24.6,49.19,8.48,7.53,41.0,123,13,1,11,18,3,2,0,6,10,13,3,13,3,13/3,13/3,0,0,0,0,0,203,8.0
Wanindu Hasaranga,True,Overseas,RR,Rajasthan Royals,9,203,9,18,2020-100mb00000000377-c8cec37e2dec11,204,311,53,25.98,154,31.1,20.4,20.4,58.52,5.51,9.14,34.0,103,10,1,20,17,3,0,1,4,10,35,4,35,4,35/4,35/4,0,0,1,0,0,3082,8.0
Deepak Chahar,True,Indian,MI,Mumbai Indians,12,203,12,17,2019-100mb00000000091-8640595343ec11,210,326,90,42.85,136,32.6,21.0,21.0,66.25,4.37,9.31,35.0,59,13,1,36,12,14,2,0,2,10,12,2,12,2,12/2,12/2,0,0,0,0,0,140,8.0
Yash Dayal,True,Indian,RCB,Royal Challengers Bengaluru,11,203,11,19,2022-100mb00000000978-bc824605a44611,216,346,69,31.94,155,34.6,21.6,21.6,62.42,4.59,9.61,36.0,86,16,0,33,14,6,2,1,1,10,18,2,18,2,18/2,18/2,0,0,0,0,0,20591,8.0
Avesh Khan,True,Indian,LSG,Lucknow Super Giants,10,203,10,77,2019-100mb00000000109-5cc123ab449411,225,379,64,28.44,167,37.9,22.5,22.5,66.49,4.16,10.1,37.3,93,14,0,36,18,6,0,0,0,10,37,3,37,3,37/3,37/3,0,0,0,0,0,1561,8.0
Vipraj Nigam,True,Indian,DC,Delhi Capitals,11,203,10,14,2024-100mb00000003560-cd0dc81babd711,162,256,57,35.18,113,28.44,18.0,18.0,64.84,4.9,9.48,27.0,65,10,0,16,17,4,4,0,4,9,18,2,18,2,18/2,18/2,0,0,0,0,0,22053,8.0
Mukesh Kumar,True,Indian,DC,Delhi Capitals,10,203,10,14,2022-100mb00000001462-cbc59298427c11,189,311,66,34.92,137,34.55,21.0,21.0,65.59,4.39,9.87,31.3,73,8,0,27,16,12,2,0,3,9,33,4,33,4,33/4,33/4,1,1,1,0,0,5622,8.0
Sandeep Sharma,True,Indian,RR,Rajasthan Royals,10,203,10,18,2019-100mb00000000220-18a6ceb644c011,219,361,54,24.65,185,40.11,24.33,24.33,54.29,5.21,9.89,36.3,104,19,1,28,14,19,1,0,2,9,21,2,21,2,21/2,21/2,0,0,0,0,0,1112,8.0
Ravi Bishnoi,True,Indian,LSG,Lucknow Super Giants,10,203,10,77,2020-100mb00000000520-c2b1e0df638711,216,375,67,31.01,159,41.66,24.0,24.0,67.73,4.07,10.41,36.0,81,15,0,32,21,10,0,0,1,9,18,2,18,2,18/2,18/2,0,0,0,0,0,19351,8.0
Ravindra Jadeja,False,Indian,CSK,Chennai Super Kings,12,203,12,13,2018-100mb00000000046-06b5ba89f88b11,197,280,69,35.02,133,35.0,24.62,24.62,60.0,5.62,8.52,32.5,83,12,0,21,14,3,2,0,1,8,24,2,24,2,24/2,24/2,0,0,0,0,0,9,8.0
Rashid Khan,True,Overseas,GT,Gujarat Titans,11,203,11,35,2019-100mb00000000218-42d9d6f544bf11,246,373,74,30.08,176,46.62,30.75,30.75,60.58,5.59,9.09,41.0,112,16,1,19,25,4,0,0,7,8,25,2,25,2,25/2,25/2,0,0,0,0,0,2885,9.0
Ashwani Kumar,False,Indian,MI,Mumbai Indians,4,203,4,17,2024-100mb00000003569-45ffd8bdabdc11,72,133,22,30.55,54,16.62,9.0,9.0,70.67,3.78,11.08,12.0,27,4,0,10,9,3,1,0,1,8,24,4,24,4,24/4,24/4,0,0,1,0,0,22030,8.0
Andre Russell,True,Overseas,KKR,Kolkata Knight Riders,12,203,8,16,2019-100mb00000000141-e67c41d144a711,97,183,27,27.83,74,22.87,12.12,12.12,73.22,3.46,11.31,16.1,41,2,0,17,11,2,2,1,0,8,21,2,21,2,21/2,21/2,0,0,0,0,0,177,8.0
Jaydev Unadkat,True,Indian,SRH,Sunrisers Hyderabad,5,203,5,20,2019-100mb00000000180-1352e0b244b611,95,110,35,36.84,62,15.71,13.57,13.57,52.72,7.3,6.94,15.5,44,3,0,10,3,2,0,0,0,7,35,3,35,3,35/3,35/3,0,0,0,0,0,86,8.0
Karn Sharma,False,Indian,MI,Mumbai Indians,5,203,4,17,2019-100mb00000000098-7a8c366b43f611,72,97,23,31.94,50,16.16,12.0,12.0,55.67,6.54,8.08,12.0,34,4,0,6,5,1,0,0,5,6,23,3,23,3,23/3,23/3,0,0,0,0,0,1118,8.0
Moeen Ali,False,Overseas,KKR,Kolkata Knight Riders,6,203,5,16,2019-100mb00000000206-501d92f644bb11,96,136,29,30.2,70,22.66,16.0,16.0,54.41,6.85,8.5,16.0,47,6,0,5,9,3,0,0,0,6,23,2,23,2,23/2,23/2,1,1,0,0,0,1735,8.0
Vignesh Puthur,True,Indian,MI,Mumbai Indians,5,203,5,17,2024-100mb00000003566-b0cbccf8abdb11,72,109,24,33.33,49,18.16,12.0,12.0,64.22,5.53,9.08,12.0,32,3,0,4,9,1,0,0,0,6,32,3,32,3,32/3,32/3,0,0,0,0,0,22266,8.0
Eshan Malinga,False,Overseas,SRH,Sunrisers Hyderabad,4,203,4,20,2024-100mb00000003339-537276b84ff411,90,142,26,28.88,68,23.66,15.0,15.0,64.78,4.28,9.46,15.0,40,3,0,17,4,4,0,0,2,6,36,2,36,2,36/2,36/2,0,0,0,0,0,22228,8.0
Zeeshan Ansari,True,Indian,SRH,Sunrisers Hyderabad,9,203,9,20,2024-100mb00000003575-83bb5544abdf11,191,311,48,25.13,148,51.83,31.83,31.83,60.45,4.89,9.76,31.5,91,12,1,23,16,4,1,0,1,6,42,3,42,3,42/3,42/3,0,0,0,0,0,22007,8.0
Mohammad Shami,True,Indian,SRH,Sunrisers Hyderabad,9,203,9,20,2018-100mb00000000047-1bfc8ff2f88b11,180,337,60,33.33,127,56.16,30.0,30.0,77.74,3.15,11.23,30.0,56,10,0,40,17,6,1,0,11,6,28,2,28,2,28/2,28/2,0,0,0,0,0,94,8.0
Tushar Deshpande,False,Indian,RR,Rajasthan Royals,8,203,8,18,2020-100mb00000000539-04833b65639b11,144,270,40,27.77,123,45.0,24.0,24.0,63.7,3.89,11.25,24.0,56,10,1,25,12,19,0,0,1,6,44,3,44,3,44/3,44/3,0,0,0,0,0,3257,8.0
Will Jacks,True,Overseas,MI,Mumbai Indians,11,203,6,17,2023-100mb00000001941-9401571cc40411,72,93,28,38.88,48,18.6,14.4,14.4,53.76,6.54,7.75,12.0,29,4,0,8,3,4,0,0,0,5,14,2,14,2,14/2,14/2,0,0,0,0,0,5629,8.0
Axar Patel,False,Indian,DC,Delhi Capitals,11,203,10,14,2019-100mb00000000110-79ae08f5449411,186,253,60,32.25,129,50.6,37.2,37.2,58.49,6.0,8.16,31.0,88,7,0,19,12,3,0,1,0,5,19,2,19,2,19/2,19/2,0,0,0,0,0,1113,9.0
Ravichandran Ashwin,True,Indian,CSK,Chennai Super Kings,8,203,8,13,2018-100mb00000000045-f658f1b6f88a11,162,242,51,31.48,114,48.4,32.4,32.4,62.8,5.22,8.96,27.0,73,7,0,17,14,3,0,0,3,5,48,2,48,2,48/2,48/2,0,0,0,0,0,8,8.0
Lockie Ferguson,True,Overseas,PBKS,Punjab Kings,4,203,4,15,2019-100mb00000000069-7aeb5c411e3711,68,104,28,41.17,48,20.8,13.6,13.6,59.61,5.66,9.17,11.2,25,3,0,5,7,8,0,0,3,5,37,2,37,2,37/2,37/2,0,0,0,0,0,3729,8.0
Suyash Sharma,True,Indian,RCB,Royal Challengers Bengaluru,10,203,10,19,2023-100mb00000001932-5539f1d7c3fd11,234,322,80,34.18,158,80.5,58.5,58.5,60.24,5.57,8.25,39.0,98,15,0,29,13,4,0,5,3,4,26,2,26,2,26/2,26/2,0,0,0,0,0,5668,8.0
Mitchell Santner,False,Overseas,MI,Mumbai Indians,9,203,9,17,2019-100mb00000000075-0984e17e1e4011,171,236,53,30.99,125,59.0,42.75,42.75,54.23,6.1,8.28,28.3,81,8,1,20,8,7,0,0,3,4,43,2,43,2,43/2,43/2,0,0,0,0,0,1903,8.0
Glenn Maxwell,True,Overseas,PBKS,Punjab Kings,7,203,6,15,2018-100mb00000000028-acc7d0a3e99d11,78,110,28,35.89,54,27.5,19.5,19.5,60.0,5.57,8.46,13.0,32,4,0,9,5,4,0,0,1,4,5,1,5,1,5/1,5/1,0,0,0,0,0,282,8.0
Anshul Kamboj,True,Indian,CSK,Chennai Super Kings,6,203,6,13,2024-100mb00000003106-047b3989df9b11,96,138,39,40.62,58,34.5,24.0,24.0,69.56,4.57,8.62,16.0,31,5,0,15,6,0,1,0,1,4,16,1,16,1,16/1,16/1,0,0,0,0,0,20702,8.0
Aiden Markram,True,Overseas,LSG,Lucknow Super Giants,11,203,4,77,2019-100mb00000000287-ca1a6bb17ae311,60,88,14,23.33,48,22.0,15.0,15.0,50.0,7.5,8.8,10.0,34,4,0,2,6,2,0,0,0,4,30,2,30,2,30/2,30/2,0,0,0,0,0,1667,8.0
Harpreet Brar,False,Indian,PBKS,Punjab Kings,4,203,3,15,2019-100mb00000000130-89338eb7449a11,48,73,19,39.58,30,18.25,12.0,12.0,71.23,4.36,9.12,8.0,18,1,0,7,4,0,1,0,0,4,25,2,25,2,25/2,25/2,0,0,0,0,0,5441,8.0
Mohd Arshad Khan,False,Indian,GT,Gujarat Titans,6,203,6,35,2022-100mb00000000988-ad5c752aa44a11,84,132,35,41.66,54,33.0,21.0,21.0,72.72,3.81,9.42,14.0,23,4,0,18,4,5,0,0,2,4,17,1,17,1,17/1,17/1,0,0,0,0,0,20599,8.0
Ishant Sharma,True,Indian,GT,Gujarat Titans,7,203,7,35,2018-100mb00000000050-4663b710f88b11,110,205,35,31.81,82,51.25,27.5,27.5,72.19,3.43,11.18,18.2,36,7,0,22,10,7,0,0,5,4,18,1,18,1,18/1,18/1,0,0,0,0,0,38,8.5
Lungisani Ngidi,True,Overseas,RCB,Royal Challengers Bengaluru,1,203,1,19,2019-100mb00000000099-b2d4548e43f611,24,30,9,37.5,15,10.0,8.0,8.0,60.0,6.0,7.5,4.0,10,1,0,3,1,0,0,0,0,3,30,3,30,3,30/3,30/3,0,0,0,0,0,3746,8.0
Prince Yadav,True,Indian,LSG,Lucknow Super Giants,6,203,6,77,2022-100mb00000001225-8dbd714d040c11,137,225,43,31.38,101,75.0,45.66,45.66,64.0,4.41,9.85,22.5,52,11,0,21,10,7,0,0,1,3,29,1,29,1,29/1,29/1,0,0,0,0,0,22097,8.0
Azmatullah Omarzai,True,Overseas,PBKS,Punjab Kings,4,203,3,15,2022-100mb00000001354-5a766b041e0411,60,101,21,35.0,43,33.66,20.0,20.0,61.38,4.61,10.1,10.0,19,7,0,8,5,4,0,0,1,3,33,2,33,2,33/2,33/2,0,0,0,0,0,20685,8.0
Dushmantha Chameera,True,Overseas,DC,Delhi Capitals,4,203,3,14,2021-100mb00000000608-14fdf8c4e64711,54,95,11,20.37,50,31.66,18.0,18.0,54.73,4.9,10.55,9.0,28,4,0,7,4,7,0,0,0,3,24,1,24,1,24/1,24/1,0,0,0,0,0,817,8.0
Akash Deep,True,Indian,LSG,Lucknow Super Giants,4,203,4,77,2022-100mb00000001007-1363a306a45011,72,147,22,30.55,55,49.0,24.0,24.0,74.82,2.88,12.25,12.0,21,4,1,20,5,5,0,0,0,3,55,2,55,2,55/2,55/2,0,0,0,0,0,14800,8.0
Akash Singh,True,Indian,LSG,Lucknow Super Giants,1,203,1,77,2020-100mb00000000535-66ae8e79639911,24,30,9,37.5,15,15.0,12.0,12.0,60.0,6.0,7.5,4.0,10,1,0,3,1,0,0,0,0,2,30,2,30,2,30/2,30/2,0,0,0,0,0,12585,8.0
Gerald Coetzee,True,Overseas,GT,Gujarat Titans,2,203,2,35,2023-100mb00000002535-239c770f61da11,36,46,11,30.55,26,23.0,18.0,18.0,39.13,9.0,7.66,6.0,16,4,1,3,1,1,0,0,0,2,10,1,10,1,10/1,10/1,0,0,0,0,0,20686,8.0
Riyan Parag,True,Indian,RR,Rajasthan Royals,12,203,7,18,2019-100mb00000000189-ac8c327a44b711,90,118,22,24.44,71,59.0,45.0,45.0,40.67,9.0,7.86,15.0,50,8,0,6,4,3,0,0,1,2,12,1,12,1,12/1,12/1,0,0,0,0,0,4445,8.0
Liam Livingstone,True,Overseas,RCB,Royal Challengers Bengaluru,7,203,5,19,2019-100mb00000000183-f4a991db44b611,54,76,10,18.51,44,38.0,27.0,27.0,47.36,6.75,8.44,9.0,32,4,0,6,2,0,0,0,0,2,28,2,28,2,28/2,28/2,0,0,0,0,0,3644,8.0
Kamindu Mendis,False,Overseas,SRH,Sunrisers Hyderabad,4,203,4,20,2021-100mb00000000627-efccfcf90bd211,42,60,11,26.19,31,30.0,21.0,21.0,56.66,6.0,8.57,7.0,22,2,0,4,3,0,0,0,0,2,4,1,4,1,4/1,4/1,0,0,0,0,0,22077,8.0
Xavier Bartlett,True,Overseas,PBKS,Punjab Kings,3,203,3,15,2024-100mb00000003572-5731c9b6abdd11,54,84,25,46.29,29,42.0,27.0,27.0,73.8,4.15,9.33,9.0,10,6,0,8,5,0,0,0,0,2,26,1,26,1,26/1,26/1,0,0,0,0,0,22112,8.0
M Siddharth,True,Indian,LSG,Lucknow Super Giants,2,203,2,77,2020-100mb00000000532-63bf237a639811,42,67,12,28.57,31,33.5,21.0,21.0,65.67,4.66,9.57,7.0,21,0,0,5,4,1,0,0,1,2,39,2,39,2,39/2,39/2,0,0,0,0,0,7119,8.0
Kumar Kartikeya Singh,True,Indian,RR,Rajasthan Royals,4,203,4,18,2022-100mb00000001015-396b0615c6d411,48,78,16,33.33,33,39.0,24.0,24.0,69.23,4.36,9.75,8.0,20,1,0,6,5,1,0,0,0,2,21,1,21,1,21/1,21/1,0,0,0,0,0,20629,8.0
Mohit Sharma,True,Indian,DC,Delhi Capitals,7,203,7,14,2019-100mb00000000100-f196053e43f611,126,210,28,22.22,109,105.0,63.0,63.0,54.28,5.25,10.0,21.0,68,7,1,15,9,9,2,0,2,2,10,1,10,1,10/1,10/1,0,0,0,0,0,1107,8.0
Kagiso Rabada,False,Overseas,GT,Gujarat Titans,2,203,2,35,2019-100mb00000000116-dbd48930449611,48,83,14,29.16,37,41.5,24.0,24.0,65.06,4.0,10.37,8.0,18,4,0,9,3,3,0,0,1,2,41,1,41,1,41/1,41/1,0,0,0,0,0,1664,8.5
Washington Sundar,False,Indian,GT,Gujarat Titans,5,203,4,35,2018-100mb00000000020-9223b16ce99c11,59,104,14,23.72,47,52.0,29.5,29.5,63.46,4.53,10.57,9.5,28,4,0,6,7,2,0,1,0,2,28,1,28,1,28/1,28/1,0,0,0,0,0,2973,8.5
Adam Zampa,True,Overseas,SRH,Sunrisers Hyderabad,2,203,2,20,2018-100mb00000000024-431d2bf7e99d11,48,94,10,20.83,40,47.0,24.0,24.0,70.21,3.69,11.75,8.0,24,1,0,6,7,2,0,0,0,2,46,1,46,1,46/1,46/1,0,0,0,0,0,958,8.0
Mayank Yadav,True,Indian,LSG,Lucknow Super Giants,2,203,2,77,2022-100mb00000000987-e0fbfce6a44911,48,100,18,37.5,35,50.0,24.0,24.0,78.0,3.2,12.5,8.0,13,2,0,6,9,5,0,0,0,2,40,2,40,2,40/2,40/2,0,0,0,0,0,20585,8.0
Simarjeet Singh,True,Indian,SRH,Sunrisers Hyderabad,4,203,4,20,2021-100mb00000000622-e0d6c0e8ef8711,60,141,22,36.66,41,70.5,30.0,30.0,89.36,2.4,14.1,10.0,14,1,0,12,13,2,1,4,1,2,46,2,46,2,46/2,46/2,0,0,0,0,0,10789,8.0
Anukul Roy,False,Indian,KKR,Kolkata Knight Riders,1,203,1,16,2019-100mb00000000160-970c8ab644ac11,24,27,8,33.33,17,27.0,24.0,24.0,44.44,8.0,6.75,4.0,12,1,0,3,0,1,0,0,0,1,27,1,27,1,27/1,27/1,0,0,0,0,0,3774,8.0
Anrich Nortje,True,Overseas,KKR,Kolkata Knight Riders,1,203,1,16,2019-100mb00000000142-040303a144a811,18,23,10,55.55,8,23.0,18.0,18.0,86.95,3.6,7.66,3.0,3,0,0,5,0,0,0,1,0,1,23,1,23,1,23/1,23/1,0,0,0,0,0,5433,8.0
Corbin Bosch,True,Overseas,MI,Mumbai Indians,2,203,2,17,2022-100mb00000001041-53fbf642d3a511,42,55,24,57.14,21,55.0,42.0,42.0,72.72,5.25,7.85,7.0,8,2,0,4,4,3,0,0,1,1,26,1,26,1,26/1,26/1,0,0,0,0,0,20680,8.0
Nathan Ellis,True,Overseas,CSK,Chennai Super Kings,1,203,1,13,2021-100mb00000000633-40c59a2c160011,24,38,6,25.0,19,38.0,24.0,24.0,47.36,6.0,9.5,4.0,9,5,0,3,1,1,0,0,1,1,38,1,38,1,38/1,38/1,0,0,0,0,0,17118,8.0
Kulwant Khejroliya,False,Indian,GT,Gujarat Titans,1,203,1,35,2019-100mb00000000204-8361537344ba11,18,29,4,22.22,15,29.0,18.0,18.0,62.06,4.5,9.66,3.0,10,0,0,3,1,1,0,0,0,1,29,1,29,1,29/1,29/1,0,0,0,0,0,3835,8.0
Sam Curran,False,Overseas,CSK,Chennai Super Kings,5,203,5,13,2019-100mb00000000138-5bd8fcf6449d11,72,133,18,25.0,56,133.0,72.0,72.0,69.17,3.78,11.08,12.0,31,4,0,11,8,2,0,0,2,1,34,1,34,1,34/1,34/1,0,0,0,0,0,2939,8.0
Rasikh Dar,True,Indian,RCB,Royal Challengers Bengaluru,2,203,2,19,2019-100mb00000000172-1befbbeb44af11,36,70,14,38.88,24,70.0,36.0,36.0,82.85,3.0,11.66,6.0,10,0,0,7,5,2,0,0,1,1,35,1,35,1,35/1,35/1,0,0,0,0,0,20577,8.0
Spencer Johnson,False,Overseas,KKR,Kolkata Knight Riders,4,203,4,16,2023-100mb00000002518-9a5f0c5357b311,68,133,26,38.23,47,133.0,68.0,68.0,78.19,3.09,11.73,11.2,16,4,0,14,8,5,0,0,1,1,42,1,42,1,42/1,42/1,0,0,0,0,0,20699,8.0
Mukesh Choudhary,False,Indian,CSK,Chennai Super Kings,2,203,2,13,2022-100mb00000000970-8f107726a44511,36,71,11,30.55,25,71.0,36.0,36.0,81.69,2.76,11.83,6.0,11,1,0,10,3,0,0,0,0,1,21,1,21,1,21/1,21/1,0,0,0,0,0,20575,8.0
Yudhvir Singh Charak,True,Indian,RR,Rajasthan Royals,3,203,3,18,2021-100mb00000000587-d15a3db891de11,42,84,17,40.47,29,84.0,42.0,42.0,78.57,3.0,12.0,7.0,8,3,0,9,5,4,0,0,0,1,26,1,26,1,26/1,26/1,0,0,0,0,0,10842,8.0
Yash Thakur,True,Indian,PBKS,Punjab Kings,2,203,2,15,2022-100mb00000001550-b8b1d54854ee11,39,79,11,28.2,32,79.0,39.0,39.0,70.88,3.25,12.15,6.3,14,1,1,8,4,3,1,0,1,1,39,1,39,1,39/1,39/1,0,0,0,0,0,5624,8.0
Romario Shepherd,True,Overseas,RCB,Royal Challengers Bengaluru,4,203,3,19,2019-100mb00000000371-481ee0be14fc11,24,51,6,25.0,19,51.0,24.0,24.0,74.5,3.0,12.75,4.0,8,2,0,5,3,1,0,0,0,1,18,1,18,1,18/1,18/1,0,0,0,0,0,20609,8.0
V Satyanarayana Penmetsa,True,Indian,MI,Mumbai Indians,2,203,2,17,2024-100mb00000003568-0e9ff925abdc11,24,53,4,16.66,25,53.0,24.0,24.0,64.15,3.42,13.25,4.0,12,1,0,4,3,5,0,1,0,1,40,1,40,1,40/1,40/1,0,0,0,0,0,22161,8.0
Mujeeb-ur-Rahman,True,Overseas,MI,Mumbai Indians,1,203,1,17,2019-100mb00000000134-807a8157449b11,12,28,4,33.33,9,28.0,12.0,12.0,78.57,2.4,14.0,2.0,3,1,0,4,1,1,0,0,0,1,28,1,28,1,28/1,28/1,0,0,0,0,0,4572,8.0
